name,email,phone,address
Neil Peterson,maria79@hotmail.com,7990387767,3441 Park Isle Apt. 241
Amy Ellis,millermelanie@hotmail.com,4868215415,6910 Hebert Garden
Joshua Willis,zedwards@hotmail.com,0849879260,2715 Nelson Forge Apt. 731
Michele House,robertmiddleton@gmail.com,1031624287,135 Alexander Ville
Jessica Ryan,danthony@watson-mcdaniel.biz,9533495032,3833 Timothy Harbor
Rhonda Fuller,jonathan98@hotmail.com,0410861122,67727 Joseph Greens Suite 367
Heather Reynolds,jacobwong@patterson.com,7648096040,3853 Robert Lakes
Eric Abbott,calderonjessica@austin-ayers.com,4252878562,95211 Wayne Light
Patrick Morris,michaelpayne@yahoo.com,7751608619,707 Hunt Junctions Suite 012
Michael Brown,heather71@jackson-barr.com,8784242623,20767 Cheryl Common
James Douglas DDS,ashley97@gmail.com,8608952139,747 Munoz Camp
Christina Davies,sandra70@patrick-williams.com,5376661487,860 Welch Squares
Madeline Scott,hesscharles@hardy.com,7599450736,5294 Robinson Turnpike
James Anderson,jmiller@long.biz,9276514049,6722 Michelle Pines Suite 348
Veronica Mercado,taramaldonado@gmail.com,1194476115,895 David Rue Suite 525
Deborah Villegas,frankheather@baker.com,6789207673,499 Lynn Port
Jennifer Lewis,danielle67@koch.com,9119885753,93257 Rachael Throughway
Joyce York,vmartinez@yahoo.com,2228983860,90045 Jennifer Branch
Daisy Woods,stephanie36@yahoo.com,8143854386,1961 Jerry Lodge
Tony Cochran,vsmith@yahoo.com,9145508119,23068 Kelly Pass
Leslie Jennings,carolyn05@anthony.info,5591172902,5856 Roth Lock Apt. 175
Brian Miller MD,vmitchell@hotmail.com,6727541389,566 Lucero Forge
Brandi Ramos,shawn76@flores.info,1938612285,2263 Davis Stravenue Apt. 912
Laura Carter,danarichardson@gmail.com,3535277524,0550 Emma Pines Apt. 854
Eric Hernandez,jacobsmith@chang-young.org,0030611413,6321 Anthony Hills
Karen Miller,amiller@yahoo.com,1862643606,80294 Carl Shoal Suite 329
Phillip Harvey,kelly27@dixon.biz,2580203821,488 Chelsea Court Apt. 448
Jennifer Alvarez,yerickson@yahoo.com,7687497930,7464 Louis Square
James Olsen,williecollier@rodriguez-burton.com,6302258339,275 Dillon Divide Suite 039
Peter Romero,aandrews@washington.com,0194040594,880 Julie Roads
Nicole Ward,kwilson@yahoo.com,9080066421,58687 Daniel Club Suite 543
Dr. Christina Chang,beckandrea@combs.biz,1481729292,55721 King Lake Suite 474
Rhonda Fuller,jonathan98@hotmail.com,0410861122,67727 Joseph Greens Suite 367
Tyler Davenport,shelleymorgan@mayer.com,4335535060,74988 Fischer Greens Suite 733
Hayley Weber,elliottnicholas@pierce.com,3384153386,217 Christine Forge
Dustin Hall,hhayes@yahoo.com,5260144828,09166 Anderson Loop Suite 982
Anthony Taylor,jennawhite@gmail.com,8622161735,0299 Henson Cliffs Suite 099
Mrs. Jacqueline Vasquez,cnewman@hotmail.com,3541118578,5010 Lee Mountains
Connie Francis,vrichardson@aguilar-nelson.com,9354016235,4669 Garcia Grove Apt. 534
David Rodriguez,crawfordchristopher@hotmail.com,1253054518,4922 Cummings Pass Apt. 566
Morgan Taylor,danielstout@payne.com,4082513526,17794 Donaldson Summit Suite 785
Brian Miller MD,vmitchell@hotmail.com,6727541389,566 Lucero Forge
Morgan Taylor,danielstout@payne.com,4082513526,17794 Donaldson Summit Suite 785
Rebecca Mullen,johnsonivan@gmail.com,0880854439,18548 James Haven
Jose Martin,amber15@gmail.com,7205383805,4813 Kirsten Brooks
Patrick Morris,michaelpayne@yahoo.com,7751608619,707 Hunt Junctions Suite 012
Curtis Howard,pjenkins@hotmail.com,5634562155,3397 Lutz Tunnel Suite 564
James Ramirez,vkelly@golden.net,7999269871,243 Peter Divide Apt. 522
Ryan Hale,stanleyleon@mahoney-barnes.info,3017986390,35765 Joan Roads
Zachary Hawkins,leslie96@richardson.com,5830597117,70378 Jeanette Tunnel
Emily Scott,thomasangela@yahoo.com,9636076547,17560 Jackson Mission
Dustin Hall,hhayes@yahoo.com,5260144828,09166 Anderson Loop Suite 982
Deborah Villegas,frankheather@baker.com,6789207673,499 Lynn Port
Kristine Jones,tammy71@lee.net,0343098852,466 Davis Motorway Apt. 808
Jackson Potter,julie45@hotmail.com,1738831886,490 Robert Hills Apt. 170
Anthony Taylor,jennawhite@gmail.com,8622161735,0299 Henson Cliffs Suite 099
Rebecca Mullen,johnsonivan@gmail.com,0880854439,18548 James Haven
Laura Mitchell,amyreid@holt.com,9103090840,4398 Pamela Cape
Jean Williams,sonyawashington@taylor.com,0004600848,431 Anderson Ville Apt. 783
Jamie Smith,dwayne72@yahoo.com,3822505319,593 Jeffrey Center
Claire James,jennifer74@yahoo.com,3600090842,964 Diaz Common Suite 832
Patricia Bishop,kristen76@hunter.com,9741734811,0379 Michael Trace Suite 885
Samantha Bailey,christina39@hampton.net,7175840008,94544 Kennedy Valley Suite 016
Matthew Coleman,marisa31@gmail.com,0069395615,65902 Duffy Lights Apt. 970
Mckenzie Myers,ifleming@love.org,0212022594,8535 Danielle Loop Suite 457
Jamie Snyder,smason@wright.com,8055355430,427 Peterson Harbor
Melissa Jones,nicole51@gmail.com,0077128821,5052 Tony Circle
Juan Medina,ialvarez@yahoo.com,3537585148,8087 Paula Spring Suite 813
Catherine Harris,penny51@yahoo.com,4618921726,48480 Lauren Islands
Laura Mitchell,amyreid@holt.com,9103090840,4398 Pamela Cape
Tanya Parrish,christopher88@young-hensley.com,7506498142,519 Anthony Station
Matthew Coleman,marisa31@gmail.com,0069395615,65902 Duffy Lights Apt. 970
Ashley Robinson,scottespinoza@allen.com,6053048981,11317 Moreno Court
Michael Brown,heather71@jackson-barr.com,8784242623,20767 Cheryl Common
James Anderson,jmiller@long.biz,9276514049,6722 Michelle Pines Suite 348
Kayla Maddox,jeannerichardson@ramos.biz,0011424397,34751 Matthew Drive Apt. 618
Adam Yu,kimberly32@gmail.com,4550697130,9868 Katherine Bypass Apt. 146
Linda Padilla,hamiltonsteven@williams-richardson.org,7356971994,680 Martinez Mount Apt. 315
Kenneth Rodriguez,deanna79@gmail.com,1375458303,538 Jeffrey Streets Apt. 505
Laura Carter,danarichardson@gmail.com,3535277524,0550 Emma Pines Apt. 854
Vanessa Cortez,stacy50@yahoo.com,0446172972,532 Sarah Harbors
Anthony Kelley,millertyrone@yahoo.com,9527368843,478 Randy Highway Apt. 598
Mitchell Taylor,cheyennewong@mccarthy.net,7656906300,3843 Andrew Mills Apt. 766
Andre Le,julianjohnson@yahoo.com,5061373777,3422 Garcia Valleys
Rebecca Mullen,johnsonivan@gmail.com,0880854439,18548 James Haven
Karen Miller,amiller@yahoo.com,1862643606,80294 Carl Shoal Suite 329
Patrick Morris,michaelpayne@yahoo.com,7751608619,707 Hunt Junctions Suite 012
James Lam,wilsonmarisa@smith.com,9692126032,776 Richard Cliffs Apt. 070
Brian Willis,rebecca95@yahoo.com,0497526843,320 Hahn Squares Suite 113
Steve Morris,strongkevin@jones.com,7694372721,163 Patricia Fall
Sara Hess,joshua56@wilson-thomas.com,6390633991,5873 Johnson Points
Meghan Bowman,millerkeith@gmail.com,5502063653,304 Jordan Spurs Suite 964
Darrell Patel,kevinwheeler@yahoo.com,2760023432,5663 Patricia Fork Suite 988
Michael Hicks,danielrojas@yahoo.com,8627499763,1777 Santana Row
Amanda Petersen,tammy23@hotmail.com,9597866251,6451 Lee View
David Newman,donsmith@gmail.com,4721576667,303 Earl Turnpike
Sean Gates,allisongordon@hotmail.com,5798690989,671 Franco Dam Suite 216
Erin Gardner,lkelly@martinez.com,9468896834,1878 Thomas Locks
Jose Cruz,summersjustin@hotmail.com,5394801156,11307 Kimberly Cliffs
Karen Miller,amiller@yahoo.com,1862643606,80294 Carl Shoal Suite 329
Shane Harris,williamsmanuel@brooks-dodson.biz,7011461179,4244 Albert Extensions
Robert Gibson,jimmy92@hood.info,8508935015,2888 Evelyn Mews Suite 200
Jesse Jones,pstanley@bryan.info,4987805315,178 Mann Mission Suite 255
Cody Martin,gburch@rocha.com,8228850132,8159 Mark Islands
Kayla Maddox,jeannerichardson@ramos.biz,0011424397,34751 Matthew Drive Apt. 618
Gabrielle Kelly,justinowens@yahoo.com,5222536917,96475 Matthew Oval Suite 040
Daniel Morales,rebecca14@lopez.com,3961941085,688 Villanueva Valleys
Stephanie Clark,brendadavies@hotmail.com,0622642731,74601 Sarah Walks
Joseph King,xroth@wallace.com,0500783167,30486 Taylor Roads
Thomas Moore,erin75@yahoo.com,1639441282,244 Johnson Spurs Apt. 410
Robert Horn,davidhunt@gordon.com,5242447925,488 Miller Ridge
Maria Wheeler,jane68@white.com,2030097216,697 Garcia Street
Brandon Davis,rhonda97@kim.com,5249784759,48615 Nixon Fork
Thomas Diaz,nmayo@martin-lucas.biz,1196008615,66590 Lopez Rapids Suite 195
Mr. Frank Garrison MD,markholder@yahoo.com,9223193860,343 Lisa Fords Apt. 308
Manuel Edwards,kennedyfrances@woods-carpenter.org,0218802533,6643 Lori Pine
Emily Scott,thomasangela@yahoo.com,9636076547,17560 Jackson Mission
Michael Hicks,danielrojas@yahoo.com,8627499763,1777 Santana Row
Sean Gates,allisongordon@hotmail.com,5798690989,671 Franco Dam Suite 216
Ashley Nelson,cantrellsusan@yahoo.com,5090922095,642 Thornton Island
Joseph King,xroth@wallace.com,0500783167,30486 Taylor Roads
James Anderson,jmiller@long.biz,9276514049,6722 Michelle Pines Suite 348
Yvonne Davis,michaelpatterson@ross-alvarado.org,6388875589,6894 Smith Shores
Ashley Sanders,dortega@gmail.com,6461033824,3131 Hunt Ville
Alexandra Singh DDS,cbrown@johnson.info,1248992947,20214 Taylor Plains Suite 049
Jennifer Colon MD,jmorales@yahoo.com,0799988019,5514 Nathaniel Ville
Lauren Smith,ortizdiane@hotmail.com,6333407763,664 Diaz Passage
Julie Davis,brocklindsey@escobar.net,7644244961,61044 Mark Landing
Gregory Bennett,brandy98@giles.com,7984737125,521 Kristen Manors
Sharon Lopez,vsmith@shaw.info,6054791303,5369 Christina Stravenue Suite 076
Dana Holland,chandlerbrenda@adams.com,8455575765,1145 Simpson Oval Suite 273
Andrew Harrison,ncross@hotmail.com,1543585356,891 Frederick Burgs
Christopher Kline,michael75@weber.net,4886738359,88005 Frank Corner
Derek Long,freemanfelicia@yahoo.com,8745074500,33435 Sullivan Parkways Suite 310
Erin Kelley,jamesmartin@brown.org,1791162584,13409 Smith Hollow
Jennifer Rosario,ashleytate@yahoo.com,1988453746,0827 Jackson Ramp
Veronica Foley,msanford@hotmail.com,2987132965,13610 Shaw Islands
David Obrien,stephanie84@yahoo.com,7860607887,3702 Dixon Ridge Suite 097
Brendan Davis,skoch@hotmail.com,6259184963,644 Erika River Apt. 050
Peter Romero,aandrews@washington.com,0194040594,880 Julie Roads
Kristi Henderson,sonya73@yahoo.com,8991307761,3481 Lopez Village
Nicole Dunlap,davidkerr@gmail.com,8544500859,67071 Diana Crescent Suite 378
Brendan Davis,skoch@hotmail.com,6259184963,644 Erika River Apt. 050
Andrew Patterson,stephanie79@yahoo.com,0364566320,5340 Carl Points
William Wise,donaldchurch@scott.net,2046770029,403 Aaron Landing Suite 853
William Smith,adam91@yahoo.com,1486242202,671 Stuart Cove
Matthew Cox,walkerkathryn@lambert.org,1335694045,139 Harper Ville
Anthony Walker,jenniferjohnson@gmail.com,7630970926,77274 Donna Lock
Sharon Lopez,vsmith@shaw.info,6054791303,5369 Christina Stravenue Suite 076
Amanda Johnson,ashleyanderson@gmail.com,9897071058,21120 Mccormick Summit
Anthony Walker,jenniferjohnson@gmail.com,7630970926,77274 Donna Lock
Nicholas Campbell,wmills@lewis-baker.com,6288464109,2886 Amanda Branch
Dean Curry,colliercarol@payne.com,1098524944,839 James Fort
Kristine Jones,tammy71@lee.net,0343098852,466 Davis Motorway Apt. 808
Gabrielle Kelly,justinowens@yahoo.com,5222536917,96475 Matthew Oval Suite 040
Meghan Bowman,millerkeith@gmail.com,5502063653,304 Jordan Spurs Suite 964
Tyler Gilmore,knappaimee@gmail.com,1870004208,480 Williams Burg Suite 016
Amber Miller,patricksteven@jackson.com,5175744380,41105 Meghan Club
Carla Parker,christopher56@molina-thomas.com,1028658173,15933 Ward Dale Apt. 102
Brittany Rios,xharris@yahoo.com,6225072771,2623 Tammy Prairie Suite 801
Ashley Robinson,scottespinoza@allen.com,6053048981,11317 Moreno Court
Amy Ellis,millermelanie@hotmail.com,4868215415,6910 Hebert Garden
Jeanette Salinas,james97@gmail.com,9633161995,220 Kimberly Park
Jesse Perry,xhammond@yahoo.com,2650373358,81316 Daugherty Mountain
Eric Jarvis,othomas@gmail.com,4674677099,3990 Samuel Stravenue
John Sanders,oingram@benjamin-ruiz.info,5888028478,1046 Julie Summit
David Craig,irwinkimberly@gonzales.com,4026156762,795 Karen Pike Suite 579
Darren Jensen,richardsonedward@gmail.com,1915619959,759 Lance Fall Suite 064
Gregory Bennett,brandy98@giles.com,7984737125,521 Kristen Manors
Jackson Potter,julie45@hotmail.com,1738831886,490 Robert Hills Apt. 170
Tonya Chambers,xrichardson@rice.com,4585664637,171 Jeffrey Ferry Suite 311
Michael Jackson,rmorgan@yahoo.com,6746428411,097 Taylor Road Apt. 432
Andrew Wallace,jamestrevino@underwood.com,7318818792,4332 Alexander Canyon
Eric Atkinson,hallcourtney@barber.info,5214830997,3122 Hicks Wall Suite 043
Thomas Moore,erin75@yahoo.com,1639441282,244 Johnson Spurs Apt. 410
Johnny Holmes,fsnyder@gmail.com,2515433115,3675 Kristie Port Apt. 110
Brandi Wright,jonathanowens@hotmail.com,1196048754,72442 Sanders Gateway Apt. 722
Nicholas Campbell,megannewman@watson.com,7084299562,7318 John Bypass Apt. 414
Margaret Smith,uhill@gmail.com,4679700508,844 Silva Drives Apt. 000
Brittany Webster,michaeljacobs@yahoo.com,5555454191,214 Allison Landing Apt. 582
Ryan Hale,stanleyleon@mahoney-barnes.info,3017986390,35765 Joan Roads
Colleen Ross,gracestewart@gmail.com,4969437595,4265 Joseph Pass
Scott Kennedy,katherinefrazier@romero-jackson.com,0922180691,009 Mariah Path Suite 251
Mr. Joshua Washington,thomascraig@delacruz.info,9626063473,92884 Ashley Key Suite 800
Heather Weaver,powellgregory@martinez.com,3860062692,736 Linda Spur
Thomas Adams,hjones@gmail.com,4025308612,960 John View Suite 381
Karen Sanchez,alison94@stewart.com,1443661426,43705 Dunlap Wall Suite 395
Sandra Erickson,spencerreyes@gmail.com,7477468471,77826 Barton Turnpike Suite 910
Mary Douglas,munozchristopher@thomas-petersen.com,6258195180,523 Chang Land
Cynthia Wheeler,jwilson@hotmail.com,8036582217,33526 Salazar Fall Apt. 258
Robert Townsend,waltersean@smith-phillips.com,5512476702,767 Williams Squares Suite 769
Jose Cruz,summersjustin@hotmail.com,5394801156,11307 Kimberly Cliffs
Bradley Murphy,cherylcook@cabrera-moss.com,4477983537,1855 Morgan Unions Apt. 190
Dennis Davis,christophertownsend@yahoo.com,7537898239,33262 Davis Alley
Brian Carter,gravesamy@gmail.com,8485036849,1318 Kevin Plaza Suite 136
Tonya Chambers,xrichardson@rice.com,4585664637,171 Jeffrey Ferry Suite 311
Dean Curry,colliercarol@payne.com,1098524944,839 James Fort
Ashley Allen,bho@wilkinson.org,5745807899,46197 Ashley Squares
Daniel Thompson,robertgilbert@calhoun-blair.com,6040344790,402 Acosta Tunnel Apt. 341
Nicholas Campbell,wmills@lewis-baker.com,6288464109,2886 Amanda Branch
