name,email
  MATTHEW JOHNSON   , lindsey18@example.com 
 KIMBERLY JACKSON , caitlin58@example.net 
  jeffery owens   ,  zimmermanjames@example.net   
  william wallace   ,  ROBERT08@EXAMPLE.COM   
 DAVID JENSEN ,  RHONDA30@EXAMPLE.ORG   
 JAY MARTINEZ DDS ,  RUSSELL81@EXAMPLE.NET   
 gary stewart , BETHWRIGHT@EXAMPLE.COM 
  DAVID JACKSON   ,  SBARRETT@EXAMPLE.NET   
 ALICIA PAYNE , WLOPEZ@EXAMPLE.COM 
  paul gordon   , zhernandez@example.com 
 brandon stanley ,  HUDSONCATHERINE@EXAMPLE.NET   
 kimberly figueroa ,  hcohen@example.com   
 cynthia watkins , AARON90@EXAMPLE.NET 
 ROBERT BRADLEY , hannahwilliams@example.com 
 teresa hoffman , bakerbryan@example.com 
 eric willis ,  courtney49@example.net   
  JUAN BENNETT   , james41@example.com 
 CHRISTOPHER SAVAGE , mlong@example.org 
  sarah bates   ,  NTRUJILLO@EXAMPLE.ORG   
  KIMBERLY PHILLIPS   ,  uhunter@example.com   
  JEREMIAH AVILA   ,  coleamy@example.org   
  ROBERT BROWN   , DANIEL43@EXAMPLE.COM 
 levi bell , KIMBERLYMORRIS@EXAMPLE.NET 
  kevin gonzalez   , sanchezjohn@example.com 
  JOHN BROWN   ,  ronaldterry@example.com   
 cheryl malone , hornchad@example.org 
  AUSTIN CUNNINGHAM   ,  SIMPSONMARY@EXAMPLE.COM   
  casey cortez   ,  veronica81@example.net   
 BRITTANY CHAN ,  rebeccasmith@example.com   
 SCOTT YOUNG ,  TPERRY@EXAMPLE.NET   
 ERIN HAYES ,  kimberly66@example.net   
 bryan johnson , VTUCKER@EXAMPLE.ORG 
 natasha salas ,  ROGERSBRENDA@EXAMPLE.ORG   
 emily mejia , VALERIE90@EXAMPLE.ORG 
 OSCAR PHILLIPS ,  TGEORGE@EXAMPLE.ORG   
 michael bowers , CHRISTOPHERHERNANDEZ@EXAMPLE.COM 
  carla bray   , yward@example.com 
  victoria carter   , kimberlyochoa@example.net 
  KEVIN DORSEY   ,  GREENBRADLEY@EXAMPLE.NET   
 allison griffin ,  JOHNWOODS@EXAMPLE.NET   
 tanya adams , kellipalmer@example.net 
  tony chase   ,  DONALD93@EXAMPLE.NET   
 adam joyce ,  ZCHAPMAN@EXAMPLE.COM   
  noah cook   , armstrongscott@example.com 
 summer johnson ,  KRISTINA39@EXAMPLE.NET   
  elizabeth miller   , paynejennifer@example.org 
  vanessa holloway   ,  luisconway@example.org   
 RACHEL GARCIA , SSHIELDS@EXAMPLE.ORG 
 brian thompson ,  WLAMB@EXAMPLE.COM   
  mr. jonathan howard   ,  LBARKER@EXAMPLE.ORG   
  daniel bautista   ,  irwinjessica@example.org   
 JESSICA SMITH , gbarker@example.com 
  chad ochoa   , TODD99@EXAMPLE.ORG 
 CHRISTOPHER MCKEE , linda33@example.net 
 brianna williams ,  ANN65@EXAMPLE.NET   
  richard moran   ,  rsanchez@example.org   
  JULIE GLOVER   ,  richard23@example.com   
 JOSEPH CLARK ,  MARK85@EXAMPLE.NET   
  leslie kerr dds   ,  joshualopez@example.net   
  charles griffin   , JACOBSILVA@EXAMPLE.NET 
 PAUL LANG , JENNIFERTHOMPSON@EXAMPLE.COM 
 bradley baird , jerrymitchell@example.net 
  christopher garcia   , NDAVIS@EXAMPLE.ORG 
  hailey morris   , amandaerickson@example.net 
  dr. mark king   ,  rebeccastokes@example.org   
 joshua ashley , DEANNAREESE@EXAMPLE.ORG 
 LAURA SPENCE , ASHLEY89@EXAMPLE.COM 
  michael townsend   , jasongibson@example.org 
  RONALD WANG   , ANDREA32@EXAMPLE.ORG 
  MICHAEL NOLAN   , cheryl16@example.net 
  MANDY HANSON   ,  GARCIAANDREW@EXAMPLE.ORG   
 barbara cabrera ,  BRANDONROBINSON@EXAMPLE.ORG   
  LAURA WALTON   ,  briancombs@example.com   
 TERRI WASHINGTON , josephlambert@example.net 
 nicholas logan , KRICHARDSON@EXAMPLE.NET 
 cheryl baldwin ,  wilsongarrett@example.net   
  ALEXIS BAKER   ,  PATELKRISTEN@EXAMPLE.COM   
 travis ali , HEATHER80@EXAMPLE.COM 
 angela alvarado ,  jennifer83@example.net   
  TIMOTHY WATSON   ,  kristinahays@example.com   
 TIMOTHY TUCKER ,  nburke@example.org   
  kenneth wong   , kristenwilliams@example.org 
 mike pitts , LWHEELER@EXAMPLE.COM 
 MICHELLE GARNER ,  AMANDA87@EXAMPLE.NET   
 kevin morales ,  ahall@example.org   
  alec nicholson   , tristan15@example.com 
 ebony yoder ,  kingjulie@example.com   
  mary murphy   ,  ZZIMMERMAN@EXAMPLE.NET   
  BRIAN SMITH   ,  SHARPKATIE@EXAMPLE.ORG   
 charles harris ,  sandythompson@example.com   
  JESSICA PORTER   ,  ovazquez@example.net   
 JAMES OBRIEN ,  PCOSTA@EXAMPLE.NET   
  steven clark   ,  LAURA22@EXAMPLE.COM   
  charles berry ii   , obrown@example.net 
 REBECCA PALMER ,  warrenbrenda@example.org   
  alison frye   ,  wpalmer@example.net   
 michelle huang , murphyrobert@example.org 
  ALBERT WAGNER   ,  JACOB31@EXAMPLE.ORG   
 david harvey , OMORENO@EXAMPLE.ORG 
  michelle cooper   , ejones@example.net 
